base,quote,status,symbol,trading_disabled,type
BTC,USD,online,BTC-USD,False,SPOT
BTC,USDC,online,BTC-USDC,False,SPOT
ETH,USD,online,ETH-USD,False,SPOT
ETH,USDC,online,ETH-USDC,False,SPOT
XRP,USD,online,XRP-USD,False,SPOT
XRP,USDC,online,XRP-USDC,False,SPOT
SOL,USD,online,SOL-USD,False,SPOT
SOL,USDC,online,SOL-USDC,False,SPOT
ZEC,USD,online,ZEC-USD,False,SPOT
ZEC,USDC,online,ZEC-USDC,False,SPOT
LINK,USD,online,LINK-USD,False,SPOT
LINK,USDC,online,LINK-USDC,False,SPOT
USDT,USD,online,USDT-USD,False,SPOT
DOGE,USD,online,DOGE-USD,False,SPOT
DOGE,USDC,online,DOGE-USDC,False,SPOT
FARTCOIN,USD,online,FARTCOIN-USD,False,SPOT
FARTCOIN,USDC,online,FARTCOIN-USDC,False,SPOT
ADA,USD,online,ADA-USD,False,SPOT
ADA,USDC,online,ADA-USDC,False,SPOT
SUI,USD,online,SUI-USD,False,SPOT
SUI,USDC,online,SUI-USDC,False,SPOT
USDC,EUR,online,USDC-EUR,False,SPOT
BTC,EUR,online,BTC-EUR,False,SPOT
AAVE,USD,online,AAVE-USD,False,SPOT
AAVE,USDC,online,AAVE-USDC,False,SPOT
PENGU,USD,online,PENGU-USD,False,SPOT
PENGU,USDC,online,PENGU-USDC,False,SPOT
HBAR,USD,online,HBAR-USD,False,SPOT
HBAR,USDC,online,HBAR-USDC,False,SPOT
MON,USD,online,MON-USD,False,SPOT
MON,USDC,online,MON-USDC,False,SPOT
USDC,GBP,online,USDC-GBP,False,SPOT
AVAX,USD,online,AVAX-USD,False,SPOT
AVAX,USDC,online,AVAX-USDC,False,SPOT
TAO,USD,online,TAO-USD,False,SPOT
TAO,USDC,online,TAO-USDC,False,SPOT
BTC,USDT,online,BTC-USDT,False,SPOT
LTC,USD,online,LTC-USD,False,SPOT
LTC,USDC,online,LTC-USDC,False,SPOT
XLM,USD,online,XLM-USD,False,SPOT
XLM,USDC,online,XLM-USDC,False,SPOT
BCH,USD,online,BCH-USD,False,SPOT
BCH,USDC,online,BCH-USDC,False,SPOT
ETH,EUR,online,ETH-EUR,False,SPOT
ETH,USDT,online,ETH-USDT,False,SPOT
PEPE,USD,online,PEPE-USD,False,SPOT
PEPE,USDC,online,PEPE-USDC,False,SPOT
BONK,USD,online,BONK-USD,False,SPOT
BONK,USDC,online,BONK-USDC,False,SPOT
UNI,USD,online,UNI-USD,False,SPOT
UNI,USDC,online,UNI-USDC,False,SPOT
BTC,GBP,online,BTC-GBP,False,SPOT
ONDO,USD,online,ONDO-USD,False,SPOT
ONDO,USDC,online,ONDO-USDC,False,SPOT
ICP,EUR,online,ICP-EUR,False,SPOT
DOT,USD,online,DOT-USD,False,SPOT
DOT,USDC,online,DOT-USDC,False,SPOT
ICP,USD,online,ICP-USD,False,SPOT
ICP,USDC,online,ICP-USDC,False,SPOT
ZEN,USD,online,ZEN-USD,False,SPOT
ZEN,USDC,online,ZEN-USDC,False,SPOT
A8,USD,online,A8-USD,False,SPOT
A8,USDC,online,A8-USDC,False,SPOT
NEAR,USD,online,NEAR-USD,False,SPOT
NEAR,USDC,online,NEAR-USDC,False,SPOT
MOODENG,USD,online,MOODENG-USD,False,SPOT
MOODENG,USDC,online,MOODENG-USDC,False,SPOT
ETH,GBP,online,ETH-GBP,False,SPOT
AERO,USD,online,AERO-USD,False,SPOT
AERO,USDC,online,AERO-USDC,False,SPOT
FET,USD,online,FET-USD,False,SPOT
FET,USDC,online,FET-USDC,False,SPOT
SOL,EUR,online,SOL-EUR,False,SPOT
USDT,EUR,online,USDT-EUR,False,SPOT
EURC,USDC,online,EURC-USDC,False,SPOT
WIF,USD,online,WIF-USD,False,SPOT
WIF,USDC,online,WIF-USDC,False,SPOT
USELESS,USD,online,USELESS-USD,False,SPOT
USELESS,USDC,online,USELESS-USDC,False,SPOT
DASH,USD,online,DASH-USD,False,SPOT
DASH,USDC,online,DASH-USDC,False,SPOT
PUMP,USD,online,PUMP-USD,False,SPOT
PUMP,USDC,online,PUMP-USDC,False,SPOT
TRUMP,USD,online,TRUMP-USD,False,SPOT
TRUMP,USDC,online,TRUMP-USDC,False,SPOT
APT,USD,online,APT-USD,False,SPOT
APT,USDC,online,APT-USDC,False,SPOT
TIA,USD,online,TIA-USD,False,SPOT
TIA,USDC,online,TIA-USDC,False,SPOT
XRP,EUR,online,XRP-EUR,False,SPOT
USDT,USDC,online,USDT-USDC,False,SPOT
SEI,USD,online,SEI-USD,False,SPOT
SEI,USDC,online,SEI-USDC,False,SPOT
CRV,USD,online,CRV-USD,False,SPOT
CRV,USDC,online,CRV-USDC,False,SPOT
SOL,USDT,online,SOL-USDT,False,SPOT
MAGIC,USD,online,MAGIC-USD,False,SPOT
MAGIC,USDC,online,MAGIC-USDC,False,SPOT
ENA,USD,online,ENA-USD,False,SPOT
ENA,USDC,online,ENA-USDC,False,SPOT
PRIME,USD,online,PRIME-USD,False,SPOT
PRIME,USDC,online,PRIME-USDC,False,SPOT
ZORA,USD,online,ZORA-USD,False,SPOT
ZORA,USDC,online,ZORA-USDC,False,SPOT
ARB,USD,online,ARB-USD,False,SPOT
ARB,USDC,online,ARB-USDC,False,SPOT
WLFI,USD,online,WLFI-USD,False,SPOT
WLFI,USDC,online,WLFI-USDC,False,SPOT
SPX,USD,online,SPX-USD,False,SPOT
SPX,USDC,online,SPX-USDC,False,SPOT
NMR,USD,online,NMR-USD,False,SPOT
NMR,USDC,online,NMR-USDC,False,SPOT
WLD,USD,online,WLD-USD,False,SPOT
WLD,USDC,online,WLD-USDC,False,SPOT
STRK,USD,online,STRK-USD,False,SPOT
STRK,USDC,online,STRK-USDC,False,SPOT
INJ,USD,online,INJ-USD,False,SPOT
INJ,USDC,online,INJ-USDC,False,SPOT
AAVE,EUR,online,AAVE-EUR,False,SPOT
BOBBOB,USD,online,BOBBOB-USD,False,SPOT
BOBBOB,USDC,online,BOBBOB-USDC,False,SPOT
IP,USD,online,IP-USD,False,SPOT
IP,USDC,online,IP-USDC,False,SPOT
ASTER,USD,online,ASTER-USD,False,SPOT
ASTER,USDC,online,ASTER-USDC,False,SPOT
BCH,EUR,online,BCH-EUR,False,SPOT
AVNT,USD,online,AVNT-USD,False,SPOT
AVNT,USDC,online,AVNT-USDC,False,SPOT
IRYS,USD,online,IRYS-USD,False,SPOT
IRYS,USDC,online,IRYS-USDC,False,SPOT
SHIB,USD,online,SHIB-USD,False,SPOT
SHIB,USDC,online,SHIB-USDC,False,SPOT
HBAR,USDT,online,HBAR-USDT,False,SPOT
CRO,USD,online,CRO-USD,False,SPOT
CRO,USDC,online,CRO-USDC,False,SPOT
ADA,EUR,online,ADA-EUR,False,SPOT
RLS,USD,online,RLS-USD,False,SPOT
RLS,USDC,online,RLS-USDC,False,SPOT
ATOM,GBP,online,ATOM-GBP,False,SPOT
XCN,USD,online,XCN-USD,False,SPOT
XCN,USDC,online,XCN-USDC,False,SPOT
TOSHI,USD,online,TOSHI-USD,False,SPOT
TOSHI,USDC,online,TOSHI-USDC,False,SPOT
ATOM,USD,online,ATOM-USD,False,SPOT
ATOM,USDC,online,ATOM-USDC,False,SPOT
FIL,USD,online,FIL-USD,False,SPOT
FIL,USDC,online,FIL-USDC,False,SPOT
STX,USD,online,STX-USD,False,SPOT
STX,USDC,online,STX-USDC,False,SPOT
JASMY,USD,online,JASMY-USD,False,SPOT
JASMY,USDC,online,JASMY-USDC,False,SPOT
ALLO,USD,online,ALLO-USD,False,SPOT
ALLO,USDC,online,ALLO-USDC,False,SPOT
VET,USD,online,VET-USD,False,SPOT
VET,USDC,online,VET-USDC,False,SPOT
USDT,GBP,online,USDT-GBP,False,SPOT
POPCAT,USD,online,POPCAT-USD,False,SPOT
POPCAT,USDC,online,POPCAT-USDC,False,SPOT
MANTLE,USD,online,MANTLE-USD,False,SPOT
MANTLE,USDC,online,MANTLE-USDC,False,SPOT
ATOM,EUR,online,ATOM-EUR,False,SPOT
QNT,USD,online,QNT-USD,False,SPOT
QNT,USDC,online,QNT-USDC,False,SPOT
IMX,USD,online,IMX-USD,False,SPOT
IMX,USDC,online,IMX-USDC,False,SPOT
RENDER,USD,online,RENDER-USD,False,SPOT
RENDER,USDC,online,RENDER-USDC,False,SPOT
BNB,USD,online,BNB-USD,False,SPOT
BNB,USDC,online,BNB-USDC,False,SPOT
SOL,GBP,online,SOL-GBP,False,SPOT
FLR,USD,online,FLR-USD,False,SPOT
FLR,USDC,online,FLR-USDC,False,SPOT
SAPIEN,USD,online,SAPIEN-USD,False,SPOT
SAPIEN,USDC,online,SAPIEN-USDC,False,SPOT
LRDS,USD,online,LRDS-USD,False,SPOT
LRDS,USDC,online,LRDS-USDC,False,SPOT
BAT,USD,online,BAT-USD,False,SPOT
BAT,USDC,online,BAT-USDC,False,SPOT
MET,USD,online,MET-USD,False,SPOT
MET,USDC,online,MET-USDC,False,SPOT
SHIB,GBP,online,SHIB-GBP,False,SPOT
PENDLE,USD,online,PENDLE-USD,False,SPOT
PENDLE,USDC,online,PENDLE-USDC,False,SPOT
AVAX,EUR,online,AVAX-EUR,False,SPOT
AXL,USD,online,AXL-USD,False,SPOT
AXL,USDC,online,AXL-USDC,False,SPOT
POL,USD,online,POL-USD,False,SPOT
POL,USDC,online,POL-USDC,False,SPOT
LTC,EUR,online,LTC-EUR,False,SPOT
ZRO,USD,online,ZRO-USD,False,SPOT
ZRO,USDC,online,ZRO-USDC,False,SPOT
ALGO,USD,online,ALGO-USD,False,SPOT
ALGO,USDC,online,ALGO-USDC,False,SPOT
CBETH,USD,online,CBETH-USD,False,SPOT
CBETH,USDC,online,CBETH-USDC,False,SPOT
LINK,EUR,online,LINK-EUR,False,SPOT
VOXEL,USD,online,VOXEL-USD,False,SPOT
VOXEL,USDC,online,VOXEL-USDC,False,SPOT
TROLL,USD,online,TROLL-USD,False,SPOT
TROLL,USDC,online,TROLL-USDC,False,SPOT
XPL,USD,online,XPL-USD,False,SPOT
XPL,USDC,online,XPL-USDC,False,SPOT
TURBO,USD,online,TURBO-USD,False,SPOT
TURBO,USDC,online,TURBO-USDC,False,SPOT
PERP,USD,online,PERP-USD,False,SPOT
PERP,USDC,online,PERP-USDC,False,SPOT
DOGE,EUR,online,DOGE-EUR,False,SPOT
TNSR,USD,online,TNSR-USD,False,SPOT
TNSR,USDC,online,TNSR-USDC,False,SPOT
LDO,USD,online,LDO-USD,False,SPOT
LDO,USDC,online,LDO-USDC,False,SPOT
PIRATE,USD,online,PIRATE-USD,False,SPOT
PIRATE,USDC,online,PIRATE-USDC,False,SPOT
AIOZ,USD,online,AIOZ-USD,False,SPOT
AIOZ,USDC,online,AIOZ-USDC,False,SPOT
SYRUP,USD,online,SYRUP-USD,False,SPOT
SYRUP,USDC,online,SYRUP-USDC,False,SPOT
ZK,USD,online,ZK-USD,False,SPOT
ZK,USDC,online,ZK-USDC,False,SPOT
HNT,USD,online,HNT-USD,False,SPOT
HNT,USDC,online,HNT-USDC,False,SPOT
ETC,USD,online,ETC-USD,False,SPOT
ETC,USDC,online,ETC-USDC,False,SPOT
MORPHO,USD,online,MORPHO-USD,False,SPOT
MORPHO,USDC,online,MORPHO-USDC,False,SPOT
MOG,USD,online,MOG-USD,False,SPOT
MOG,USDC,online,MOG-USDC,False,SPOT
ADA,GBP,online,ADA-GBP,False,SPOT
XYO,USD,online,XYO-USD,False,SPOT
XYO,USDC,online,XYO-USDC,False,SPOT
XAN,USD,online,XAN-USD,False,SPOT
XAN,USDC,online,XAN-USDC,False,SPOT
ALEO,USD,online,ALEO-USD,False,SPOT
ALEO,USDC,online,ALEO-USDC,False,SPOT
OP,USD,online,OP-USD,False,SPOT
OP,USDC,online,OP-USDC,False,SPOT
SUP,USD,online,SUP-USD,False,SPOT
SUP,USDC,online,SUP-USDC,False,SPOT
SKY,USD,online,SKY-USD,False,SPOT
SKY,USDC,online,SKY-USDC,False,SPOT
FLOKI,USD,online,FLOKI-USD,False,SPOT
FLOKI,USDC,online,FLOKI-USDC,False,SPOT
UNI,GBP,online,UNI-GBP,False,SPOT
KTA,USD,online,KTA-USD,False,SPOT
KTA,USDC,online,KTA-USDC,False,SPOT
TRB,USD,online,TRB-USD,False,SPOT
TRB,USDC,online,TRB-USDC,False,SPOT
DEGEN,USD,online,DEGEN-USD,False,SPOT
DEGEN,USDC,online,DEGEN-USDC,False,SPOT
JTO,USD,online,JTO-USD,False,SPOT
JTO,USDC,online,JTO-USDC,False,SPOT
RECALL,USD,online,RECALL-USD,False,SPOT
RECALL,USDC,online,RECALL-USDC,False,SPOT
1INCH,USD,online,1INCH-USD,False,SPOT
1INCH,USDC,online,1INCH-USDC,False,SPOT
BERA,USD,online,BERA-USD,False,SPOT
BERA,USDC,online,BERA-USDC,False,SPOT
ADA,USDT,online,ADA-USDT,False,SPOT
APE,USD,online,APE-USD,False,SPOT
APE,USDC,online,APE-USDC,False,SPOT
XRP,USDT,online,XRP-USDT,False,SPOT
SXT,USD,online,SXT-USD,False,SPOT
SXT,USDC,online,SXT-USDC,False,SPOT
CLANKER,USD,online,CLANKER-USD,False,SPOT
CLANKER,USDC,online,CLANKER-USDC,False,SPOT
PNUT,USD,online,PNUT-USD,False,SPOT
PNUT,USDC,online,PNUT-USDC,False,SPOT
DIA,USD,online,DIA-USD,False,SPOT
DIA,USDC,online,DIA-USDC,False,SPOT
EIGEN,USD,online,EIGEN-USD,False,SPOT
EIGEN,USDC,online,EIGEN-USDC,False,SPOT
AAVE,GBP,online,AAVE-GBP,False,SPOT
CVX,USD,online,CVX-USD,False,SPOT
CVX,USDC,online,CVX-USDC,False,SPOT
CHZ,EUR,online,CHZ-EUR,False,SPOT
SWFTC,USD,online,SWFTC-USD,False,SPOT
SWFTC,USDC,online,SWFTC-USDC,False,SPOT
AVAX,USDT,online,AVAX-USDT,False,SPOT
APR,USD,online,APR-USD,False,SPOT
APR,USDC,online,APR-USDC,False,SPOT
SKL,USD,online,SKL-USD,False,SPOT
SKL,USDC,online,SKL-USDC,False,SPOT
ASM,USD,online,ASM-USD,False,SPOT
ASM,USDC,online,ASM-USDC,False,SPOT
FIS,USD,online,FIS-USD,False,SPOT
FIS,USDC,online,FIS-USDC,False,SPOT
MDT,USD,online,MDT-USD,False,SPOT
MDT,USDC,online,MDT-USDC,False,SPOT
COMP,USD,online,COMP-USD,False,SPOT
COMP,USDC,online,COMP-USDC,False,SPOT
PROMPT,USD,online,PROMPT-USD,False,SPOT
PROMPT,USDC,online,PROMPT-USDC,False,SPOT
NKN,USD,online,NKN-USD,False,SPOT
NKN,USDC,online,NKN-USDC,False,SPOT
PYTH,USD,online,PYTH-USD,False,SPOT
PYTH,USDC,online,PYTH-USDC,False,SPOT
DOGE,USDT,online,DOGE-USDT,False,SPOT
GIGA,USD,online,GIGA-USD,False,SPOT
GIGA,USDC,online,GIGA-USDC,False,SPOT
ETHFI,USD,online,ETHFI-USD,False,SPOT
ETHFI,USDC,online,ETHFI-USDC,False,SPOT
W,USD,online,W-USD,False,SPOT
W,USDC,online,W-USDC,False,SPOT
TRAC,USD,online,TRAC-USD,False,SPOT
TRAC,USDC,online,TRAC-USDC,False,SPOT
ENS,USD,online,ENS-USD,False,SPOT
ENS,USDC,online,ENS-USDC,False,SPOT
FET,USDT,online,FET-USDT,False,SPOT
SNX,USD,online,SNX-USD,False,SPOT
SNX,USDC,online,SNX-USDC,False,SPOT
LINK,GBP,online,LINK-GBP,False,SPOT
BARD,USD,online,BARD-USD,False,SPOT
BARD,USDC,online,BARD-USDC,False,SPOT
PAXG,USD,online,PAXG-USD,False,SPOT
PAXG,USDC,online,PAXG-USDC,False,SPOT
SUPER,USD,online,SUPER-USD,False,SPOT
SUPER,USDC,online,SUPER-USDC,False,SPOT
ALGO,GBP,online,ALGO-GBP,False,SPOT
GRT,USD,online,GRT-USD,False,SPOT
GRT,USDC,online,GRT-USDC,False,SPOT
APE,USDT,online,APE-USDT,False,SPOT
XTZ,USD,online,XTZ-USD,False,SPOT
XTZ,USDC,online,XTZ-USDC,False,SPOT
ACH,USD,online,ACH-USD,False,SPOT
ACH,USDC,online,ACH-USDC,False,SPOT
YB,USD,online,YB-USD,False,SPOT
YB,USDC,online,YB-USDC,False,SPOT
DOT,EUR,online,DOT-EUR,False,SPOT
SPK,USD,online,SPK-USD,False,SPOT
SPK,USDC,online,SPK-USDC,False,SPOT
SQD,USD,online,SQD-USD,False,SPOT
SQD,USDC,online,SQD-USDC,False,SPOT
ZKC,USD,online,ZKC-USD,False,SPOT
ZKC,USDC,online,ZKC-USDC,False,SPOT
ANKR,USD,online,ANKR-USD,False,SPOT
ANKR,USDC,online,ANKR-USDC,False,SPOT
DAI,USD,online,DAI-USD,False,SPOT
DAI,USDC,online,DAI-USDC,False,SPOT
ORCA,USD,online,ORCA-USD,False,SPOT
ORCA,USDC,online,ORCA-USDC,False,SPOT
S,USD,online,S-USD,False,SPOT
S,USDC,online,S-USDC,False,SPOT
AMP,USD,online,AMP-USD,False,SPOT
AMP,USDC,online,AMP-USDC,False,SPOT
DOGE,GBP,online,DOGE-GBP,False,SPOT
TON,USD,online,TON-USD,False,SPOT
TON,USDC,online,TON-USDC,False,SPOT
AKT,USD,online,AKT-USD,False,SPOT
AKT,USDC,online,AKT-USDC,False,SPOT
HFT,USD,online,HFT-USD,False,SPOT
HFT,USDC,online,HFT-USDC,False,SPOT
KITE,USD,online,KITE-USD,False,SPOT
KITE,USDC,online,KITE-USDC,False,SPOT
ALGO,EUR,online,ALGO-EUR,False,SPOT
B3,USD,online,B3-USD,False,SPOT
B3,USDC,online,B3-USDC,False,SPOT
ATH,USD,online,ATH-USD,False,SPOT
ATH,USDC,online,ATH-USDC,False,SPOT
API3,USD,online,API3-USD,False,SPOT
API3,USDC,online,API3-USDC,False,SPOT
HONEY,USD,online,HONEY-USD,False,SPOT
HONEY,USDC,online,HONEY-USDC,False,SPOT
NOICE,USD,online,NOICE-USD,False,SPOT
NOICE,USDC,online,NOICE-USDC,False,SPOT
MLN,USD,online,MLN-USD,False,SPOT
MLN,USDC,online,MLN-USDC,False,SPOT
KARRAT,USD,online,KARRAT-USD,False,SPOT
KARRAT,USDC,online,KARRAT-USDC,False,SPOT
REZ,USD,online,REZ-USD,False,SPOT
REZ,USDC,online,REZ-USDC,False,SPOT
RED,USD,online,RED-USD,False,SPOT
RED,USDC,online,RED-USDC,False,SPOT
BIO,USD,online,BIO-USD,False,SPOT
BIO,USDC,online,BIO-USDC,False,SPOT
MKR,USD,online,MKR-USD,False,SPOT
MKR,USDC,online,MKR-USDC,False,SPOT
COTI,USD,online,COTI-USD,False,SPOT
COTI,USDC,online,COTI-USDC,False,SPOT
TREE,USD,online,TREE-USD,False,SPOT
TREE,USDC,online,TREE-USDC,False,SPOT
RARI,USD,online,RARI-USD,False,SPOT
RARI,USDC,online,RARI-USDC,False,SPOT
BNKR,USD,online,BNKR-USD,False,SPOT
BNKR,USDC,online,BNKR-USDC,False,SPOT
ETC,GBP,online,ETC-GBP,False,SPOT
SUSHI,USD,online,SUSHI-USD,False,SPOT
SUSHI,USDC,online,SUSHI-USDC,False,SPOT
KEYCAT,USD,online,KEYCAT-USD,False,SPOT
KEYCAT,USDC,online,KEYCAT-USDC,False,SPOT
LPT,USD,online,LPT-USD,False,SPOT
LPT,USDC,online,LPT-USDC,False,SPOT
ATOM,USDT,online,ATOM-USDT,False,SPOT
LTC,GBP,online,LTC-GBP,False,SPOT
ZRX,USD,online,ZRX-USD,False,SPOT
ZRX,USDC,online,ZRX-USDC,False,SPOT
WELL,USD,online,WELL-USD,False,SPOT
WELL,USDC,online,WELL-USDC,False,SPOT
EGLD,USD,online,EGLD-USD,False,SPOT
EGLD,USDC,online,EGLD-USDC,False,SPOT
TOWNS,USD,online,TOWNS-USD,False,SPOT
TOWNS,USDC,online,TOWNS-USDC,False,SPOT
2Z,USD,online,2Z-USD,False,SPOT
2Z,USDC,online,2Z-USDC,False,SPOT
IDEX,USD,online,IDEX-USD,False,SPOT
IDEX,USDC,online,IDEX-USDC,False,SPOT
FIL,EUR,online,FIL-EUR,False,SPOT
LINK,USDT,online,LINK-USDT,False,SPOT
SAND,USD,online,SAND-USD,False,SPOT
SAND,USDC,online,SAND-USDC,False,SPOT
PRO,USD,online,PRO-USD,False,SPOT
PRO,USDC,online,PRO-USDC,False,SPOT
LRC,USD,online,LRC-USD,False,SPOT
LRC,USDC,online,LRC-USDC,False,SPOT
LINEA,USD,online,LINEA-USD,False,SPOT
LINEA,USDC,online,LINEA-USDC,False,SPOT
BAT,EUR,online,BAT-EUR,False,SPOT
AGLD,USD,online,AGLD-USD,False,SPOT
AGLD,USDC,online,AGLD-USDC,False,SPOT
OXT,USD,online,OXT-USD,False,SPOT
OXT,USDC,online,OXT-USDC,False,SPOT
TRUST,USD,online,TRUST-USD,False,SPOT
TRUST,USDC,online,TRUST-USDC,False,SPOT
JITOSOL,USD,online,JITOSOL-USD,False,SPOT
JITOSOL,USDC,online,JITOSOL-USDC,False,SPOT
ARKM,USD,online,ARKM-USD,False,SPOT
ARKM,USDC,online,ARKM-USDC,False,SPOT
PLU,USD,online,PLU-USD,False,SPOT
PLU,USDC,online,PLU-USDC,False,SPOT
ROSE,USD,online,ROSE-USD,False,SPOT
ROSE,USDC,online,ROSE-USDC,False,SPOT
STG,USD,online,STG-USD,False,SPOT
STG,USDC,online,STG-USDC,False,SPOT
YFI,USD,online,YFI-USD,False,SPOT
YFI,USDC,online,YFI-USDC,False,SPOT
CHZ,USD,online,CHZ-USD,False,SPOT
CHZ,USDC,online,CHZ-USDC,False,SPOT
COOKIE,USD,online,COOKIE-USD,False,SPOT
COOKIE,USDC,online,COOKIE-USDC,False,SPOT
KAITO,USD,online,KAITO-USD,False,SPOT
KAITO,USDC,online,KAITO-USDC,False,SPOT
MANA,USD,online,MANA-USD,False,SPOT
MANA,USDC,online,MANA-USDC,False,SPOT
COW,USD,online,COW-USD,False,SPOT
COW,USDC,online,COW-USDC,False,SPOT
G,USD,online,G-USD,False,SPOT
G,USDC,online,G-USDC,False,SPOT
KSM,USD,online,KSM-USD,False,SPOT
KSM,USDC,online,KSM-USDC,False,SPOT
MANA,EUR,online,MANA-EUR,False,SPOT
SD,USD,online,SD-USD,False,SPOT
SD,USDC,online,SD-USDC,False,SPOT
FIL,GBP,online,FIL-GBP,False,SPOT
LQTY,USD,online,LQTY-USD,False,SPOT
LQTY,USDC,online,LQTY-USDC,False,SPOT
XLM,EUR,online,XLM-EUR,False,SPOT
AERGO,USD,online,AERGO-USD,False,SPOT
AERGO,USDC,online,AERGO-USDC,False,SPOT
SWELL,USD,online,SWELL-USD,False,SPOT
SWELL,USDC,online,SWELL-USDC,False,SPOT
DEXT,USD,online,DEXT-USD,False,SPOT
DEXT,USDC,online,DEXT-USDC,False,SPOT
APE,EUR,online,APE-EUR,False,SPOT
MNDE,USD,online,MNDE-USD,False,SPOT
MNDE,USDC,online,MNDE-USDC,False,SPOT
CVC,USD,online,CVC-USD,False,SPOT
CVC,USDC,online,CVC-USDC,False,SPOT
REQ,USD,online,REQ-USD,False,SPOT
REQ,USDC,online,REQ-USDC,False,SPOT
ILV,USD,online,ILV-USD,False,SPOT
ILV,USDC,online,ILV-USDC,False,SPOT
BIGTIME,USD,online,BIGTIME-USD,False,SPOT
BIGTIME,USDC,online,BIGTIME-USDC,False,SPOT
LCX,USD,online,LCX-USD,False,SPOT
LCX,USDC,online,LCX-USDC,False,SPOT
METIS,USD,online,METIS-USD,False,SPOT
METIS,USDC,online,METIS-USDC,False,SPOT
GFI,USD,online,GFI-USD,False,SPOT
GFI,USDC,online,GFI-USDC,False,SPOT
BAL,USD,online,BAL-USD,False,SPOT
BAL,USDC,online,BAL-USDC,False,SPOT
FLOCK,USD,online,FLOCK-USD,False,SPOT
FLOCK,USDC,online,FLOCK-USDC,False,SPOT
PRCL,USD,online,PRCL-USD,False,SPOT
PRCL,USDC,online,PRCL-USDC,False,SPOT
GMT,USD,online,GMT-USD,False,SPOT
GMT,USDC,online,GMT-USDC,False,SPOT
ETC,EUR,online,ETC-EUR,False,SPOT
SHIB,EUR,online,SHIB-EUR,False,SPOT
COSMOSDYDX,USD,online,COSMOSDYDX-USD,False,SPOT
COSMOSDYDX,USDC,online,COSMOSDYDX-USDC,False,SPOT
TRU,USD,online,TRU-USD,False,SPOT
TRU,USDC,online,TRU-USDC,False,SPOT
MINA,USD,online,MINA-USD,False,SPOT
MINA,USDC,online,MINA-USDC,False,SPOT
EDGE,USD,online,EDGE-USD,False,SPOT
EDGE,USDC,online,EDGE-USDC,False,SPOT
AXS,USD,online,AXS-USD,False,SPOT
AXS,USDC,online,AXS-USDC,False,SPOT
SEAM,USD,online,SEAM-USD,False,SPOT
SEAM,USDC,online,SEAM-USDC,False,SPOT
VVV,USD,online,VVV-USD,False,SPOT
VVV,USDC,online,VVV-USDC,False,SPOT
RSR,USD,online,RSR-USD,False,SPOT
RSR,USDC,online,RSR-USDC,False,SPOT
ZETA,USD,online,ZETA-USD,False,SPOT
ZETA,USDC,online,ZETA-USDC,False,SPOT
HOME,USD,online,HOME-USD,False,SPOT
HOME,USDC,online,HOME-USDC,False,SPOT
MAMO,USD,online,MAMO-USD,False,SPOT
MAMO,USDC,online,MAMO-USDC,False,SPOT
ANKR,EUR,online,ANKR-EUR,False,SPOT
CAKE,USD,online,CAKE-USD,False,SPOT
CAKE,USDC,online,CAKE-USDC,False,SPOT
FAI,USD,online,FAI-USD,False,SPOT
FAI,USDC,online,FAI-USDC,False,SPOT
GST,USD,online,GST-USD,False,SPOT
GST,USDC,online,GST-USDC,False,SPOT
CTSI,USD,online,CTSI-USD,False,SPOT
CTSI,USDC,online,CTSI-USDC,False,SPOT
PROVE,USD,online,PROVE-USD,False,SPOT
PROVE,USDC,online,PROVE-USDC,False,SPOT
WAXL,USD,online,WAXL-USD,False,SPOT
WAXL,USDC,online,WAXL-USDC,False,SPOT
GODS,USD,online,GODS-USD,False,SPOT
GODS,USDC,online,GODS-USDC,False,SPOT
BLZ,USD,online,BLZ-USD,False,SPOT
BLZ,USDC,online,BLZ-USDC,False,SPOT
OGN,USD,online,OGN-USD,False,SPOT
OGN,USDC,online,OGN-USDC,False,SPOT
SUKU,USD,online,SUKU-USD,False,SPOT
SUKU,USDC,online,SUKU-USDC,False,SPOT
MATH,USD,online,MATH-USD,False,SPOT
MATH,USDC,online,MATH-USDC,False,SPOT
PNG,USD,online,PNG-USD,False,SPOT
PNG,USDC,online,PNG-USDC,False,SPOT
AUCTION,USD,online,AUCTION-USD,False,SPOT
AUCTION,USDC,online,AUCTION-USDC,False,SPOT
BOBA,USD,online,BOBA-USD,False,SPOT
BOBA,USDC,online,BOBA-USDC,False,SPOT
RARE,USD,online,RARE-USD,False,SPOT
RARE,USDC,online,RARE-USDC,False,SPOT
IO,USD,online,IO-USD,False,SPOT
IO,USDC,online,IO-USDC,False,SPOT
00,USD,online,00-USD,False,SPOT
00,USDC,online,00-USDC,False,SPOT
NEWT,USD,online,NEWT-USD,False,SPOT
NEWT,USDC,online,NEWT-USDC,False,SPOT
EUL,USD,online,EUL-USD,False,SPOT
EUL,USDC,online,EUL-USDC,False,SPOT
ABT,USD,online,ABT-USD,False,SPOT
ABT,USDC,online,ABT-USDC,False,SPOT
KAVA,USD,online,KAVA-USD,False,SPOT
KAVA,USDC,online,KAVA-USDC,False,SPOT
DIMO,USD,online,DIMO-USD,False,SPOT
DIMO,USDC,online,DIMO-USDC,False,SPOT
T,USD,online,T-USD,False,SPOT
T,USDC,online,T-USDC,False,SPOT
NEON,USD,online,NEON-USD,False,SPOT
NEON,USDC,online,NEON-USDC,False,SPOT
CRV,EUR,online,CRV-EUR,False,SPOT
UNI,EUR,online,UNI-EUR,False,SPOT
ICP,USDT,online,ICP-USDT,False,SPOT
VTHO,USD,online,VTHO-USD,False,SPOT
VTHO,USDC,online,VTHO-USDC,False,SPOT
1INCH,GBP,online,1INCH-GBP,False,SPOT
XSGD,USDC,online,XSGD-USDC,False,SPOT
GLM,USD,online,GLM-USD,False,SPOT
GLM,USDC,online,GLM-USDC,False,SPOT
FOX,USD,online,FOX-USD,False,SPOT
FOX,USDC,online,FOX-USDC,False,SPOT
ERA,USD,online,ERA-USD,False,SPOT
ERA,USDC,online,ERA-USDC,False,SPOT
DOGINME,USD,online,DOGINME-USD,False,SPOT
DOGINME,USDC,online,DOGINME-USDC,False,SPOT
ALCX,USD,online,ALCX-USD,False,SPOT
ALCX,USDC,online,ALCX-USDC,False,SPOT
OMNI,USD,online,OMNI-USD,False,SPOT
OMNI,USDC,online,OMNI-USDC,False,SPOT
BAND,USD,online,BAND-USD,False,SPOT
BAND,USDC,online,BAND-USDC,False,SPOT
INDEX,USD,online,INDEX-USD,False,SPOT
INDEX,USDC,online,INDEX-USDC,False,SPOT
HIGH,USD,online,HIGH-USD,False,SPOT
HIGH,USDC,online,HIGH-USDC,False,SPOT
DRIFT,USD,online,DRIFT-USD,False,SPOT
DRIFT,USDC,online,DRIFT-USDC,False,SPOT
USD1,USD,online,USD1-USD,False,SPOT
USD1,USDC,online,USD1-USDC,False,SPOT
CRO,EUR,online,CRO-EUR,False,SPOT
CGLD,USD,online,CGLD-USD,False,SPOT
CGLD,USDC,online,CGLD-USDC,False,SPOT
ICP,GBP,online,ICP-GBP,False,SPOT
L3,USD,online,L3-USD,False,SPOT
L3,USDC,online,L3-USDC,False,SPOT
ACX,USD,online,ACX-USD,False,SPOT
ACX,USDC,online,ACX-USDC,False,SPOT
EOS,USD,online,EOS-USD,False,SPOT
EOS,USDC,online,EOS-USDC,False,SPOT
SNX,EUR,online,SNX-EUR,False,SPOT
AURORA,USD,online,AURORA-USD,False,SPOT
AURORA,USDC,online,AURORA-USDC,False,SPOT
FORT,USD,online,FORT-USD,False,SPOT
FORT,USDC,online,FORT-USDC,False,SPOT
SAFE,USD,online,SAFE-USD,False,SPOT
SAFE,USDC,online,SAFE-USDC,False,SPOT
VARA,USD,online,VARA-USD,False,SPOT
VARA,USDC,online,VARA-USDC,False,SPOT
ACS,USD,online,ACS-USD,False,SPOT
ACS,USDC,online,ACS-USDC,False,SPOT
WMTX,USD,online,WMTX-USD,False,SPOT
WMTX,USDC,online,WMTX-USDC,False,SPOT
ALEPH,USD,online,ALEPH-USD,False,SPOT
ALEPH,USDC,online,ALEPH-USDC,False,SPOT
KMNO,USD,online,KMNO-USD,False,SPOT
KMNO,USDC,online,KMNO-USDC,False,SPOT
GNO,USD,online,GNO-USD,False,SPOT
GNO,USDC,online,GNO-USDC,False,SPOT
LA,USD,online,LA-USD,False,SPOT
LA,USDC,online,LA-USDC,False,SPOT
LOKA,USD,online,LOKA-USD,False,SPOT
LOKA,USDC,online,LOKA-USDC,False,SPOT
OCEAN,USD,online,OCEAN-USD,False,SPOT
OCEAN,USDC,online,OCEAN-USDC,False,SPOT
SPA,USD,online,SPA-USD,False,SPOT
SPA,USDC,online,SPA-USDC,False,SPOT
KRL,USD,online,KRL-USD,False,SPOT
KRL,USDC,online,KRL-USDC,False,SPOT
FLOW,USD,online,FLOW-USD,False,SPOT
FLOW,USDC,online,FLOW-USDC,False,SPOT
DOT,GBP,online,DOT-GBP,False,SPOT
SPELL,USD,online,SPELL-USD,False,SPOT
SPELL,USDC,online,SPELL-USDC,False,SPOT
XLM,USDT,online,XLM-USDT,False,SPOT
SYND,USD,online,SYND-USD,False,SPOT
SYND,USDC,online,SYND-USDC,False,SPOT
IOTX,USD,online,IOTX-USD,False,SPOT
IOTX,USDC,online,IOTX-USDC,False,SPOT
AVT,USD,online,AVT-USD,False,SPOT
AVT,USDC,online,AVT-USDC,False,SPOT
FORTH,USD,online,FORTH-USD,False,SPOT
FORTH,USDC,online,FORTH-USDC,False,SPOT
RONIN,USD,online,RONIN-USD,False,SPOT
RONIN,USDC,online,RONIN-USDC,False,SPOT
CFG,USD,online,CFG-USD,False,SPOT
CFG,USDC,online,CFG-USDC,False,SPOT
NCT,USD,online,NCT-USD,False,SPOT
NCT,USDC,online,NCT-USDC,False,SPOT
KERNEL,USD,online,KERNEL-USD,False,SPOT
KERNEL,USDC,online,KERNEL-USDC,False,SPOT
CTX,USD,online,CTX-USD,False,SPOT
CTX,USDC,online,CTX-USDC,False,SPOT
ME,USD,online,ME-USD,False,SPOT
ME,USDC,online,ME-USDC,False,SPOT
KNC,USD,online,KNC-USD,False,SPOT
KNC,USDC,online,KNC-USDC,False,SPOT
FLUID,USD,online,FLUID-USD,False,SPOT
FLUID,USDC,online,FLUID-USDC,False,SPOT
UMA,USD,online,UMA-USD,False,SPOT
UMA,USDC,online,UMA-USDC,False,SPOT
MPLX,USD,online,MPLX-USD,False,SPOT
MPLX,USDC,online,MPLX-USDC,False,SPOT
ELA,USD,online,ELA-USD,False,SPOT
ELA,USDC,online,ELA-USDC,False,SPOT
BTRST,USD,online,BTRST-USD,False,SPOT
BTRST,USDC,online,BTRST-USDC,False,SPOT
MASK,USD,online,MASK-USD,False,SPOT
MASK,USDC,online,MASK-USDC,False,SPOT
VELO,USD,online,VELO-USD,False,SPOT
VELO,USDC,online,VELO-USDC,False,SPOT
CELR,USD,online,CELR-USD,False,SPOT
CELR,USDC,online,CELR-USDC,False,SPOT
WET,USD,online,WET-USD,False,SPOT
WET,USDC,online,WET-USDC,False,SPOT
ALICE,USD,online,ALICE-USD,False,SPOT
ALICE,USDC,online,ALICE-USDC,False,SPOT
PYR,USD,online,PYR-USD,False,SPOT
PYR,USDC,online,PYR-USDC,False,SPOT
BCH,GBP,online,BCH-GBP,False,SPOT
WCT,USD,online,WCT-USD,False,SPOT
WCT,USDC,online,WCT-USDC,False,SPOT
ARPA,USD,online,ARPA-USD,False,SPOT
ARPA,USDC,online,ARPA-USDC,False,SPOT
APT,USDT,online,APT-USDT,False,SPOT
SHPING,USD,online,SHPING-USD,False,SPOT
SHPING,USDC,online,SHPING-USDC,False,SPOT
CORECHAIN,USD,online,CORECHAIN-USD,False,SPOT
CORECHAIN,USDC,online,CORECHAIN-USDC,False,SPOT
CLV,USD,online,CLV-USD,False,SPOT
CLV,USDC,online,CLV-USDC,False,SPOT
JASMY,USDT,online,JASMY-USDT,False,SPOT
GHST,USD,online,GHST-USD,False,SPOT
GHST,USDC,online,GHST-USDC,False,SPOT
1INCH,EUR,online,1INCH-EUR,False,SPOT
HOPR,USD,online,HOPR-USD,False,SPOT
HOPR,USDC,online,HOPR-USDC,False,SPOT
OP,USDT,online,OP-USDT,False,SPOT
STORJ,USD,online,STORJ-USD,False,SPOT
STORJ,USDC,online,STORJ-USDC,False,SPOT
BLAST,USD,online,BLAST-USD,False,SPOT
BLAST,USDC,online,BLAST-USDC,False,SPOT
AXS,EUR,online,AXS-EUR,False,SPOT
RSC,USD,online,RSC-USD,False,SPOT
RSC,USDC,online,RSC-USDC,False,SPOT
ALT,USD,online,ALT-USD,False,SPOT
ALT,USDC,online,ALT-USDC,False,SPOT
SHDW,USD,online,SHDW-USD,False,SPOT
SHDW,USDC,online,SHDW-USDC,False,SPOT
PUNDIX,USD,online,PUNDIX-USD,False,SPOT
PUNDIX,USDC,online,PUNDIX-USDC,False,SPOT
STX,USDT,online,STX-USDT,False,SPOT
NOM,USD,online,NOM-USD,False,SPOT
NOM,USDC,online,NOM-USDC,False,SPOT
SHIB,USDT,online,SHIB-USDT,False,SPOT
RLC,USD,online,RLC-USD,False,SPOT
RLC,USDC,online,RLC-USDC,False,SPOT
BICO,USD,online,BICO-USD,False,SPOT
BICO,USDC,online,BICO-USDC,False,SPOT
AST,USD,online,AST-USD,False,SPOT
AST,USDC,online,AST-USDC,False,SPOT
GRT,EUR,online,GRT-EUR,False,SPOT
C98,USD,online,C98-USD,False,SPOT
C98,USDC,online,C98-USDC,False,SPOT
SNX,GBP,online,SNX-GBP,False,SPOT
AWE,USD,online,AWE-USD,False,SPOT
AWE,USDC,online,AWE-USDC,False,SPOT
NEAR,USDT,online,NEAR-USDT,False,SPOT
RPL,USD,online,RPL-USD,False,SPOT
RPL,USDC,online,RPL-USDC,False,SPOT
JUPITER,USD,online,JUPITER-USD,False,SPOT
JUPITER,USDC,online,JUPITER-USDC,False,SPOT
DOT,USDT,online,DOT-USDT,False,SPOT
POLS,USD,online,POLS-USD,False,SPOT
POLS,USDC,online,POLS-USDC,False,SPOT
TIME,USD,online,TIME-USD,False,SPOT
TIME,USDC,online,TIME-USDC,False,SPOT
OSMO,USD,online,OSMO-USD,False,SPOT
OSMO,USDC,online,OSMO-USDC,False,SPOT
AUDD,USDC,online,AUDD-USDC,False,SPOT
GTC,USD,online,GTC-USD,False,SPOT
GTC,USDC,online,GTC-USDC,False,SPOT
POWR,USD,online,POWR-USD,False,SPOT
POWR,USDC,online,POWR-USDC,False,SPOT
DNT,USD,online,DNT-USD,False,SPOT
DNT,USDC,online,DNT-USDC,False,SPOT
CHZ,GBP,online,CHZ-GBP,False,SPOT
AUDIO,USD,online,AUDIO-USD,False,SPOT
AUDIO,USDC,online,AUDIO-USDC,False,SPOT
QI,USD,online,QI-USD,False,SPOT
QI,USDC,online,QI-USDC,False,SPOT
DBR,USD,online,DBR-USD,False,SPOT
DBR,USDC,online,DBR-USDC,False,SPOT
CRV,GBP,online,CRV-GBP,False,SPOT
MSOL,USD,online,MSOL-USD,False,SPOT
MSOL,USDC,online,MSOL-USDC,False,SPOT
BADGER,USD,online,BADGER-USD,False,SPOT
BADGER,USDC,online,BADGER-USDC,False,SPOT
FARM,USD,online,FARM-USD,False,SPOT
FARM,USDC,online,FARM-USDC,False,SPOT
GRT,GBP,online,GRT-GBP,False,SPOT
INV,USD,online,INV-USD,False,SPOT
INV,USDC,online,INV-USDC,False,SPOT
FIDA,USD,online,FIDA-USD,False,SPOT
FIDA,USDC,online,FIDA-USDC,False,SPOT
ZETACHAIN,USD,online,ZETACHAIN-USD,False,SPOT
ZETACHAIN,USDC,online,ZETACHAIN-USDC,False,SPOT
LAYER,USD,online,LAYER-USD,False,SPOT
LAYER,USDC,online,LAYER-USDC,False,SPOT
USDS,USD,online,USDS-USD,False,SPOT
USDS,USDC,online,USDS-USDC,False,SPOT
BLUR,USD,online,BLUR-USD,False,SPOT
BLUR,USDC,online,BLUR-USDC,False,SPOT
IMX,USDT,online,IMX-USDT,False,SPOT
MINA,EUR,online,MINA-EUR,False,SPOT
DOLO,USD,online,DOLO-USD,False,SPOT
DOLO,USDC,online,DOLO-USDC,False,SPOT
CRO,USDT,online,CRO-USDT,False,SPOT
CHZ,USDT,online,CHZ-USDT,False,SPOT
POND,USD,online,POND-USD,False,SPOT
POND,USDC,online,POND-USDC,False,SPOT
BNT,USD,online,BNT-USD,False,SPOT
BNT,USDC,online,BNT-USDC,False,SPOT
ENS,EUR,online,ENS-EUR,False,SPOT
RAD,USD,online,RAD-USD,False,SPOT
RAD,USDC,online,RAD-USDC,False,SPOT
FLOW,USDT,online,FLOW-USDT,False,SPOT
LSETH,USD,online,LSETH-USD,False,SPOT
LSETH,USDC,online,LSETH-USDC,False,SPOT
SAND,USDT,online,SAND-USDT,False,SPOT
XTZ,EUR,online,XTZ-EUR,False,SPOT
QNT,USDT,online,QNT-USDT,False,SPOT
XTZ,GBP,online,XTZ-GBP,False,SPOT
ENS,USDT,online,ENS-USDT,False,SPOT
MASK,GBP,online,MASK-GBP,False,SPOT
CGLD,GBP,online,CGLD-GBP,False,SPOT
AXS,USDT,online,AXS-USDT,False,SPOT
LINK,ETH,online,LINK-ETH,False,SPOT
CBETH,ETH,online,CBETH-ETH,False,SPOT
ANKR,GBP,online,ANKR-GBP,False,SPOT
ETH,BTC,online,ETH-BTC,False,SPOT
PAX,USD,online,PAX-USD,False,SPOT
PAX,USDC,online,PAX-USDC,False,SPOT
BAT,ETH,online,BAT-ETH,False,SPOT
SOL,ETH,online,SOL-ETH,False,SPOT
AAVE,BTC,online,AAVE-BTC,False,SPOT
SOL,BTC,online,SOL-BTC,False,SPOT
AVAX,BTC,online,AVAX-BTC,False,SPOT
ADA,BTC,online,ADA-BTC,False,SPOT
ATOM,BTC,online,ATOM-BTC,False,SPOT
DOT,BTC,online,DOT-BTC,False,SPOT
LINK,BTC,online,LINK-BTC,False,SPOT
CRV,BTC,online,CRV-BTC,False,SPOT
UNI,BTC,online,UNI-BTC,False,SPOT
LTC,BTC,online,LTC-BTC,False,SPOT
BCH,BTC,online,BCH-BTC,False,SPOT
ADA,ETH,online,ADA-ETH,False,SPOT
XLM,BTC,online,XLM-BTC,False,SPOT
DOGE,BTC,online,DOGE-BTC,False,SPOT
LSETH,ETH,online,LSETH-ETH,False,SPOT
BAT,BTC,online,BAT-BTC,False,SPOT
COMP,BTC,online,COMP-BTC,False,SPOT
YFI,BTC,online,YFI-BTC,False,SPOT
DASH,BTC,online,DASH-BTC,False,SPOT
ALGO,BTC,online,ALGO-BTC,False,SPOT
ICP,BTC,online,ICP-BTC,False,SPOT
XTZ,BTC,online,XTZ-BTC,False,SPOT
FIL,BTC,online,FIL-BTC,False,SPOT
GRT,BTC,online,GRT-BTC,False,SPOT
MKR,BTC,online,MKR-BTC,False,SPOT
MANA,ETH,online,MANA-ETH,False,SPOT
ETC,BTC,online,ETC-BTC,False,SPOT
LRC,BTC,online,LRC-BTC,False,SPOT
CGLD,EUR,online,CGLD-EUR,False,SPOT
EOS,BTC,online,EOS-BTC,False,SPOT
EOS,EUR,online,EOS-EUR,False,SPOT
ETH,DAI,online,ETH-DAI,False,SPOT
HYPER,USD,online,HYPER-USD,False,SPOT
HYPER,USDC,online,HYPER-USDC,False,SPOT
LRC,USDT,online,LRC-USDT,False,SPOT
PLUME,USD,online,PLUME-USD,False,SPOT
PLUME,USDC,online,PLUME-USDC,False,SPOT
RNDR,USD,delisted,RNDR-USD,True,SPOT
RNDR,USDC,delisted,RNDR-USDC,True,SPOT
ROSE,USDT,online,ROSE-USDT,False,SPOT
